,episode,make_span,reward
0,0.0,888.0,-25.69072164948453
1,0.0,843.0,-18.731958762886595
2,0.0,902.0,-27.855670103092788
3,0.0,776.0,-8.371134020618555
4,0.0,856.0,-20.74226804123711
5,1.0,908.0,-28.78350515463918
6,1.0,863.0,-21.824742268041234
7,1.0,894.0,-26.61855670103093
8,1.0,900.0,-27.54639175257732
9,1.0,774.0,-8.06185567010309
10,2.0,854.0,-20.432989690721648
11,2.0,930.0,-32.18556701030928
12,2.0,854.0,-20.43298969072165
13,2.0,856.0,-20.74226804123711
14,2.0,950.0,-35.27835051546393
15,3.0,873.0,-23.37113402061856
16,3.0,772.0,-7.752577319587629
17,3.0,793.0,-11.000000000000002
18,3.0,859.0,-21.206185567010316
19,3.0,1007.0,-44.09278350515464
20,4.0,952.0,-35.58762886597938
21,4.0,924.0,-31.257731958762886
22,4.0,813.0,-14.092783505154646
23,4.0,774.0,-8.061855670103093
24,4.0,788.0,-10.226804123711336
25,5.0,922.0,-30.948453608247423
26,5.0,820.0,-15.175257731958766
27,5.0,909.0,-28.938144329896907
28,5.0,918.0,-30.329896907216494
29,5.0,854.0,-20.432989690721648
30,6.0,882.0,-24.76288659793814
31,6.0,892.0,-26.309278350515463
32,6.0,879.0,-24.29896907216495
33,6.0,836.0,-17.649484536082472
34,6.0,855.0,-20.58762886597938
35,7.0,829.0,-16.567010309278352
36,7.0,854.0,-20.43298969072165
37,7.0,795.0,-11.309278350515468
38,7.0,822.0,-15.484536082474225
39,7.0,790.0,-10.536082474226802
40,8.0,869.0,-22.752577319587633
41,8.0,863.0,-21.82474226804123
42,8.0,910.0,-29.092783505154635
43,8.0,843.0,-18.731958762886602
44,8.0,823.0,-15.639175257731956
45,9.0,906.0,-28.474226804123717
46,9.0,857.0,-20.896907216494842
47,9.0,921.0,-30.793814432989695
48,9.0,815.0,-14.402061855670098
49,9.0,869.0,-22.75257731958763
50,10.0,815.0,-14.402061855670105
51,10.0,856.0,-20.742268041237114
52,10.0,822.0,-15.484536082474225
53,10.0,873.0,-23.371134020618555
54,10.0,951.0,-35.432989690721655
55,11.0,817.0,-14.711340206185568
56,11.0,822.0,-15.484536082474229
57,11.0,790.0,-10.536082474226802
58,11.0,796.0,-11.463917525773198
59,11.0,896.0,-26.927835051546396
60,12.0,787.0,-10.072164948453608
61,12.0,827.0,-16.25773195876289
62,12.0,790.0,-10.536082474226804
63,12.0,995.0,-42.23711340206186
64,12.0,937.0,-33.2680412371134
65,13.0,867.0,-22.443298969072167
66,13.0,821.0,-15.329896907216492
67,13.0,792.0,-10.84536082474227
68,13.0,813.0,-14.092783505154639
69,13.0,863.0,-21.824742268041234
70,14.0,851.0,-19.96907216494845
71,14.0,883.0,-24.917525773195877
72,14.0,850.0,-19.814432989690722
73,14.0,940.0,-33.731958762886606
74,14.0,770.0,-7.443298969072162
75,15.0,768.0,-7.1340206185567006
76,15.0,829.0,-16.567010309278345
77,15.0,873.0,-23.371134020618555
78,15.0,824.0,-15.793814432989691
79,15.0,787.0,-10.072164948453608
80,16.0,897.0,-27.082474226804123
81,16.0,786.0,-9.917525773195875
82,16.0,837.0,-17.804123711340207
83,16.0,808.0,-13.319587628865978
84,16.0,822.0,-15.484536082474229
85,17.0,829.0,-16.56701030927835
86,17.0,889.0,-25.84536082474227
87,17.0,732.0,-1.5670103092783498
88,17.0,823.0,-15.639175257731956
89,17.0,787.0,-10.072164948453606
90,18.0,855.0,-20.587628865979383
91,18.0,773.0,-7.907216494845362
92,18.0,787.0,-10.07216494845361
93,18.0,750.0,-4.350515463917524
94,18.0,822.0,-15.484536082474229
95,19.0,908.0,-28.78350515463918
96,19.0,785.0,-9.762886597938147
97,19.0,842.0,-18.57731958762886
98,19.0,907.0,-28.628865979381445
99,19.0,788.0,-10.226804123711341
100,20.0,837.0,-17.80412371134021
101,20.0,868.0,-22.597938144329895
102,20.0,854.0,-20.43298969072165
103,20.0,935.0,-32.95876288659793
104,20.0,806.0,-13.010309278350517
105,21.0,1004.0,-43.628865979381445
106,21.0,880.0,-24.45360824742268
107,21.0,864.0,-21.97938144329897
108,21.0,843.0,-18.7319587628866
109,21.0,847.0,-19.350515463917525
110,22.0,835.0,-17.49484536082474
111,22.0,784.0,-9.608247422680416
112,22.0,899.0,-27.39175257731959
113,22.0,745.0,-3.5773195876288657
114,22.0,858.0,-21.051546391752574
115,23.0,874.0,-23.52577319587629
116,23.0,950.0,-35.27835051546391
117,23.0,885.0,-25.226804123711343
118,23.0,856.0,-20.742268041237114
119,23.0,891.0,-26.15463917525773
120,24.0,953.0,-35.74226804123711
121,24.0,850.0,-19.814432989690715
122,24.0,884.0,-25.07216494845361
123,24.0,873.0,-23.371134020618555
124,24.0,817.0,-14.711340206185568
125,25.0,854.0,-20.432989690721648
126,25.0,854.0,-20.432989690721648
127,25.0,825.0,-15.948453608247426
128,25.0,785.0,-9.762886597938143
129,25.0,923.0,-31.103092783505154
130,26.0,854.0,-20.432989690721655
131,26.0,804.0,-12.701030927835056
132,26.0,859.0,-21.206185567010312
133,26.0,834.0,-17.340206185567013
134,26.0,803.0,-12.546391752577318
135,27.0,863.0,-21.824742268041234
136,27.0,869.0,-22.75257731958763
137,27.0,828.0,-16.41237113402062
138,27.0,797.0,-11.618556701030931
139,27.0,872.0,-23.216494845360824
140,28.0,885.0,-25.22680412371134
141,28.0,821.0,-15.329896907216494
142,28.0,870.0,-22.907216494845358
143,28.0,867.0,-22.443298969072167
144,28.0,809.0,-13.474226804123713
145,29.0,836.0,-17.649484536082475
146,29.0,797.0,-11.618556701030933
147,29.0,931.0,-32.34020618556702
148,29.0,846.0,-19.195876288659797
149,29.0,858.0,-21.051546391752584
150,30.0,870.0,-22.907216494845365
151,30.0,771.0,-7.597938144329898
152,30.0,856.0,-20.74226804123711
153,30.0,811.0,-13.783505154639176
154,30.0,828.0,-16.412371134020614
155,31.0,863.0,-21.82474226804124
156,31.0,897.0,-27.082474226804123
157,31.0,812.0,-13.938144329896907
158,31.0,944.0,-34.350515463917525
159,31.0,859.0,-21.206185567010316
160,32.0,876.0,-23.835051546391753
161,32.0,885.0,-25.22680412371134
162,32.0,746.0,-3.7319587628866033
163,32.0,854.0,-20.43298969072165
164,32.0,825.0,-15.948453608247423
165,33.0,854.0,-20.43298969072165
166,33.0,783.0,-9.453608247422673
167,33.0,815.0,-14.402061855670103
168,33.0,911.0,-29.24742268041237
169,33.0,816.0,-14.556701030927837
170,34.0,846.0,-19.19587628865979
171,34.0,854.0,-20.43298969072165
172,34.0,852.0,-20.12371134020619
173,34.0,879.0,-24.29896907216495
174,34.0,834.0,-17.340206185567013
175,35.0,780.0,-8.989690721649485
176,35.0,855.0,-20.587628865979383
177,35.0,779.0,-8.835051546391748
178,35.0,922.0,-30.948453608247423
179,35.0,897.0,-27.082474226804123
180,36.0,821.0,-15.329896907216494
181,36.0,875.0,-23.680412371134018
182,36.0,791.0,-10.690721649484535
183,36.0,876.0,-23.835051546391753
184,36.0,837.0,-17.804123711340207
185,37.0,762.0,-6.2061855670103085
186,37.0,799.0,-11.927835051546396
187,37.0,885.0,-25.22680412371134
188,37.0,848.0,-19.50515463917526
189,37.0,816.0,-14.556701030927837
190,38.0,848.0,-19.50515463917526
191,38.0,794.0,-11.154639175257726
192,38.0,854.0,-20.432989690721655
193,38.0,768.0,-7.1340206185567006
194,38.0,769.0,-7.288659793814432
195,39.0,825.0,-15.94845360824742
196,39.0,834.0,-17.34020618556701
197,39.0,866.0,-22.288659793814432
198,39.0,848.0,-19.50515463917526
199,39.0,854.0,-20.43298969072165
200,40.0,876.0,-23.835051546391753
201,40.0,837.0,-17.804123711340203
202,40.0,809.0,-13.47422680412371
203,40.0,769.0,-7.28865979381443
204,40.0,770.0,-7.44329896907216
205,41.0,768.0,-7.1340206185567006
206,41.0,902.0,-27.855670103092784
207,41.0,770.0,-7.44329896907216
208,41.0,854.0,-20.43298969072165
209,41.0,837.0,-17.804123711340203
210,42.0,828.0,-16.412371134020617
211,42.0,854.0,-20.43298969072165
212,42.0,828.0,-16.412371134020624
213,42.0,837.0,-17.804123711340207
214,42.0,837.0,-17.804123711340207
215,43.0,834.0,-17.34020618556701
216,43.0,877.0,-23.98969072164948
217,43.0,772.0,-7.752577319587627
218,43.0,851.0,-19.96907216494845
219,43.0,857.0,-20.896907216494846
220,44.0,868.0,-22.597938144329895
221,44.0,825.0,-15.948453608247426
222,44.0,876.0,-23.835051546391753
223,44.0,876.0,-23.835051546391753
224,44.0,837.0,-17.804123711340203
225,45.0,837.0,-17.804123711340203
226,45.0,896.0,-26.927835051546392
227,45.0,837.0,-17.804123711340207
228,45.0,837.0,-17.804123711340203
229,45.0,769.0,-7.288659793814432
230,46.0,837.0,-17.804123711340207
231,46.0,857.0,-20.896907216494842
232,46.0,816.0,-14.556701030927837
233,46.0,837.0,-17.804123711340203
234,46.0,857.0,-20.896907216494842
235,47.0,821.0,-15.329896907216494
236,47.0,837.0,-17.804123711340203
237,47.0,837.0,-17.804123711340207
238,47.0,837.0,-17.804123711340207
239,47.0,857.0,-20.896907216494846
240,48.0,832.0,-17.030927835051546
241,48.0,819.0,-15.020618556701033
242,48.0,837.0,-17.804123711340207
243,48.0,769.0,-7.28865979381443
244,48.0,769.0,-7.288659793814432
245,49.0,854.0,-20.432989690721655
246,49.0,774.0,-8.061855670103093
247,49.0,769.0,-7.288659793814432
248,49.0,750.0,-4.350515463917526
249,49.0,837.0,-17.804123711340207
250,50.0,824.0,-15.793814432989693
251,50.0,834.0,-17.34020618556701
252,50.0,855.0,-20.587628865979383
253,50.0,769.0,-7.288659793814434
254,50.0,769.0,-7.288659793814432
255,51.0,854.0,-20.432989690721655
256,51.0,837.0,-17.804123711340207
257,51.0,837.0,-17.804123711340207
258,51.0,837.0,-17.804123711340203
259,51.0,769.0,-7.288659793814433
260,52.0,770.0,-7.443298969072163
261,52.0,769.0,-7.288659793814432
262,52.0,769.0,-7.288659793814432
263,52.0,837.0,-17.804123711340203
264,52.0,832.0,-17.030927835051546
265,53.0,837.0,-17.804123711340207
266,53.0,803.0,-12.546391752577318
267,53.0,837.0,-17.804123711340207
268,53.0,769.0,-7.288659793814432
269,53.0,896.0,-26.927835051546392
270,54.0,803.0,-12.546391752577316
271,54.0,773.0,-7.907216494845363
272,54.0,829.0,-16.567010309278352
273,54.0,837.0,-17.804123711340203
274,54.0,811.0,-13.783505154639174
275,55.0,773.0,-7.907216494845363
276,55.0,894.0,-26.61855670103093
277,55.0,769.0,-7.288659793814434
278,55.0,769.0,-7.2886597938144355
279,55.0,773.0,-7.907216494845363
280,56.0,834.0,-17.340206185567013
281,56.0,876.0,-23.835051546391757
282,56.0,828.0,-16.412371134020617
283,56.0,773.0,-7.907216494845363
284,56.0,769.0,-7.288659793814434
285,57.0,769.0,-7.288659793814434
286,57.0,770.0,-7.443298969072168
287,57.0,770.0,-7.443298969072165
288,57.0,770.0,-7.443298969072163
289,57.0,828.0,-16.412371134020617
290,58.0,769.0,-7.288659793814434
291,58.0,803.0,-12.546391752577316
292,58.0,769.0,-7.288659793814432
293,58.0,769.0,-7.288659793814434
294,58.0,770.0,-7.443298969072167
295,59.0,769.0,-7.288659793814432
296,59.0,823.0,-15.63917525773196
297,59.0,773.0,-7.907216494845363
298,59.0,773.0,-7.907216494845363
299,59.0,803.0,-12.546391752577314
300,60.0,770.0,-7.443298969072166
301,60.0,776.0,-8.371134020618555
302,60.0,773.0,-7.907216494845361
303,60.0,769.0,-7.288659793814434
304,60.0,773.0,-7.907216494845361
305,61.0,750.0,-4.350515463917525
306,61.0,771.0,-7.597938144329897
307,61.0,828.0,-16.41237113402062
308,61.0,769.0,-7.288659793814434
309,61.0,769.0,-7.288659793814432
310,62.0,769.0,-7.288659793814434
311,62.0,769.0,-7.288659793814434
312,62.0,789.0,-10.38144329896907
313,62.0,787.0,-10.072164948453612
314,62.0,773.0,-7.907216494845361
315,63.0,769.0,-7.288659793814434
316,63.0,769.0,-7.288659793814434
317,63.0,854.0,-20.432989690721648
318,63.0,769.0,-7.288659793814434
319,63.0,769.0,-7.288659793814434
320,64.0,769.0,-7.288659793814434
321,64.0,770.0,-7.443298969072162
322,64.0,770.0,-7.443298969072165
323,64.0,770.0,-7.443298969072168
324,64.0,837.0,-17.804123711340207
325,65.0,773.0,-7.907216494845363
326,65.0,803.0,-12.54639175257732
327,65.0,817.0,-14.711340206185568
328,65.0,855.0,-20.587628865979383
329,65.0,769.0,-7.288659793814434
330,66.0,788.0,-10.22680412371134
331,66.0,902.0,-27.855670103092788
332,66.0,880.0,-24.453608247422682
333,66.0,821.0,-15.329896907216494
334,66.0,828.0,-16.412371134020617
335,67.0,769.0,-7.288659793814433
336,67.0,769.0,-7.288659793814434
337,67.0,854.0,-20.432989690721648
338,67.0,769.0,-7.288659793814434
339,67.0,768.0,-7.1340206185567006
340,68.0,818.0,-14.8659793814433
341,68.0,769.0,-7.28865979381443
342,68.0,854.0,-20.432989690721648
343,68.0,774.0,-8.061855670103094
344,68.0,769.0,-7.288659793814434
345,69.0,769.0,-7.288659793814434
346,69.0,751.0,-4.505154639175258
347,69.0,774.0,-8.061855670103093
348,69.0,884.0,-25.07216494845361
349,69.0,869.0,-22.75257731958763
350,70.0,854.0,-20.432989690721648
351,70.0,816.0,-14.556701030927837
352,70.0,769.0,-7.288659793814434
353,70.0,770.0,-7.443298969072165
354,70.0,769.0,-7.288659793814434
355,71.0,770.0,-7.443298969072165
356,71.0,836.0,-17.649484536082475
357,71.0,857.0,-20.896907216494846
358,71.0,872.0,-23.216494845360824
359,71.0,762.0,-6.2061855670103085
360,72.0,762.0,-6.206185567010314
361,72.0,769.0,-7.288659793814434
362,72.0,770.0,-7.443298969072167
363,72.0,762.0,-6.20618556701031
364,72.0,826.0,-16.103092783505154
365,73.0,825.0,-15.948453608247425
366,73.0,769.0,-7.288659793814432
367,73.0,867.0,-22.443298969072167
368,73.0,762.0,-6.2061855670103085
369,73.0,854.0,-20.43298969072165
370,74.0,769.0,-7.288659793814428
371,74.0,769.0,-7.288659793814432
372,74.0,769.0,-7.288659793814434
373,74.0,854.0,-20.432989690721648
374,74.0,770.0,-7.443298969072163
375,75.0,762.0,-6.20618556701031
376,75.0,800.0,-12.082474226804127
377,75.0,770.0,-7.443298969072168
378,75.0,770.0,-7.443298969072168
379,75.0,836.0,-17.649484536082475
380,76.0,770.0,-7.443298969072163
381,76.0,775.0,-8.216494845360826
382,76.0,816.0,-14.556701030927833
383,76.0,776.0,-8.371134020618555
384,76.0,770.0,-7.443298969072165
385,77.0,770.0,-7.443298969072165
386,77.0,762.0,-6.2061855670103085
387,77.0,762.0,-6.2061855670103085
388,77.0,769.0,-7.288659793814434
389,77.0,854.0,-20.432989690721648
390,78.0,769.0,-7.288659793814434
391,78.0,763.0,-6.3608247422680435
392,78.0,769.0,-7.288659793814434
393,78.0,795.0,-11.309278350515463
394,78.0,791.0,-10.690721649484537
395,79.0,877.0,-23.989690721649488
396,79.0,822.0,-15.484536082474225
397,79.0,909.0,-28.938144329896907
398,79.0,837.0,-17.804123711340203
399,79.0,874.0,-23.525773195876287
400,80.0,821.0,-15.329896907216497
401,80.0,761.0,-6.051546391752578
402,80.0,762.0,-6.2061855670103085
403,80.0,816.0,-14.556701030927835
404,80.0,773.0,-7.907216494845363
405,81.0,770.0,-7.443298969072163
406,81.0,769.0,-7.288659793814434
407,81.0,837.0,-17.804123711340203
408,81.0,762.0,-6.20618556701031
409,81.0,780.0,-8.989690721649485
410,82.0,770.0,-7.443298969072163
411,82.0,834.0,-17.340206185567013
412,82.0,769.0,-7.288659793814434
413,82.0,772.0,-7.7525773195876315
414,82.0,769.0,-7.288659793814434
415,83.0,816.0,-14.556701030927833
416,83.0,789.0,-10.381443298969073
417,83.0,870.0,-22.907216494845358
418,83.0,846.0,-19.195876288659797
419,83.0,770.0,-7.443298969072165
420,84.0,769.0,-7.288659793814432
421,84.0,826.0,-16.103092783505158
422,84.0,769.0,-7.288659793814434
423,84.0,877.0,-23.989690721649485
424,84.0,769.0,-7.288659793814434
425,85.0,770.0,-7.443298969072165
426,85.0,769.0,-7.288659793814433
427,85.0,769.0,-7.288659793814434
428,85.0,770.0,-7.443298969072165
429,85.0,770.0,-7.443298969072162
430,86.0,769.0,-7.288659793814434
431,86.0,837.0,-17.804123711340207
432,86.0,890.0,-26.0
433,86.0,782.0,-9.298969072164953
434,86.0,774.0,-8.061855670103093
435,87.0,726.0,-0.6391752577319605
436,87.0,770.0,-7.443298969072163
437,87.0,837.0,-17.804123711340203
438,87.0,770.0,-7.443298969072167
439,87.0,834.0,-17.340206185567013
440,88.0,770.0,-7.443298969072163
441,88.0,769.0,-7.288659793814434
442,88.0,772.0,-7.752577319587631
443,88.0,783.0,-9.453608247422675
444,88.0,803.0,-12.546391752577318
445,89.0,836.0,-17.649484536082475
446,89.0,786.0,-9.917525773195875
447,89.0,774.0,-8.061855670103093
448,89.0,762.0,-6.2061855670103085
449,89.0,836.0,-17.649484536082475
450,90.0,774.0,-8.061855670103094
451,90.0,848.0,-19.50515463917526
452,90.0,803.0,-12.54639175257732
453,90.0,859.0,-21.206185567010316
454,90.0,803.0,-12.546391752577316
455,91.0,779.0,-8.835051546391755
456,91.0,770.0,-7.443298969072163
457,91.0,837.0,-17.804123711340203
458,91.0,770.0,-7.443298969072164
459,91.0,879.0,-24.29896907216495
460,92.0,831.0,-16.87628865979381
461,92.0,769.0,-7.288659793814434
462,92.0,770.0,-7.443298969072167
463,92.0,770.0,-7.443298969072166
464,92.0,762.0,-6.20618556701031
465,93.0,762.0,-6.2061855670103085
466,93.0,770.0,-7.443298969072167
467,93.0,890.0,-26.0
468,93.0,769.0,-7.288659793814434
469,93.0,783.0,-9.453608247422679
470,94.0,916.0,-30.020618556701038
471,94.0,823.0,-15.63917525773196
472,94.0,789.0,-10.381443298969073
473,94.0,823.0,-15.63917525773196
474,94.0,762.0,-6.20618556701031
475,95.0,770.0,-7.44329896907216
476,95.0,770.0,-7.443298969072163
477,95.0,769.0,-7.288659793814434
478,95.0,768.0,-7.1340206185567006
479,95.0,788.0,-10.226804123711341
480,96.0,762.0,-6.206185567010312
481,96.0,799.0,-11.927835051546392
482,96.0,770.0,-7.443298969072164
483,96.0,771.0,-7.597938144329895
484,96.0,879.0,-24.29896907216495
485,97.0,769.0,-7.288659793814434
486,97.0,857.0,-20.896907216494842
487,97.0,801.0,-12.237113402061858
488,97.0,769.0,-7.288659793814434
489,97.0,828.0,-16.41237113402062
490,98.0,786.0,-9.917525773195877
491,98.0,768.0,-7.1340206185567006
492,98.0,905.0,-28.319587628865982
493,98.0,797.0,-11.618556701030933
494,98.0,770.0,-7.443298969072163
495,99.0,769.0,-7.288659793814434
496,99.0,769.0,-7.288659793814434
497,99.0,770.0,-7.443298969072165
498,99.0,829.0,-16.567010309278352
499,99.0,770.0,-7.443298969072163
500,100.0,841.0,-18.422680412371136
501,100.0,923.0,-31.103092783505154
502,100.0,762.0,-6.206185567010307
503,100.0,857.0,-20.896907216494846
504,100.0,780.0,-8.989690721649485
505,101.0,770.0,-7.443298969072163
506,101.0,974.0,-38.98969072164949
507,101.0,778.0,-8.680412371134025
508,101.0,770.0,-7.443298969072165
509,101.0,770.0,-7.443298969072169
510,102.0,837.0,-17.804123711340203
511,102.0,895.0,-26.773195876288664
512,102.0,783.0,-9.453608247422675
513,102.0,857.0,-20.896907216494846
514,102.0,762.0,-6.20618556701031
515,103.0,783.0,-9.453608247422675
516,103.0,769.0,-7.288659793814434
517,103.0,914.0,-29.71134020618557
518,103.0,770.0,-7.443298969072165
519,103.0,770.0,-7.443298969072165
520,104.0,773.0,-7.907216494845361
521,104.0,770.0,-7.443298969072165
522,104.0,803.0,-12.546391752577318
523,104.0,777.0,-8.525773195876287
524,104.0,783.0,-9.453608247422682
525,105.0,770.0,-7.443298969072169
526,105.0,837.0,-17.804123711340203
527,105.0,834.0,-17.34020618556701
528,105.0,775.0,-8.21649484536082
529,105.0,816.0,-14.556701030927835
530,106.0,817.0,-14.711340206185568
531,106.0,836.0,-17.649484536082475
532,106.0,795.0,-11.309278350515468
533,106.0,770.0,-7.443298969072164
534,106.0,805.0,-12.855670103092786
535,107.0,867.0,-22.443298969072163
536,107.0,803.0,-12.54639175257732
537,107.0,875.0,-23.680412371134025
538,107.0,838.0,-17.958762886597935
539,107.0,762.0,-6.206185567010307
540,108.0,770.0,-7.443298969072166
541,108.0,780.0,-8.989690721649485
542,108.0,829.0,-16.567010309278352
543,108.0,792.0,-10.845360824742267
544,108.0,803.0,-12.54639175257732
545,109.0,770.0,-7.443298969072165
546,109.0,770.0,-7.443298969072163
547,109.0,854.0,-20.432989690721648
548,109.0,783.0,-9.453608247422679
549,109.0,770.0,-7.443298969072164
550,110.0,783.0,-9.45360824742268
551,110.0,770.0,-7.443298969072169
552,110.0,780.0,-8.989690721649486
553,110.0,783.0,-9.453608247422679
554,110.0,769.0,-7.288659793814434
555,111.0,849.0,-19.659793814432994
556,111.0,770.0,-7.443298969072163
557,111.0,821.0,-15.329896907216494
558,111.0,829.0,-16.56701030927835
559,111.0,784.0,-9.60824742268041
560,112.0,770.0,-7.443298969072167
561,112.0,770.0,-7.443298969072165
562,112.0,762.0,-6.20618556701031
563,112.0,821.0,-15.329896907216494
564,112.0,770.0,-7.443298969072165
565,113.0,829.0,-16.567010309278352
566,113.0,780.0,-8.989690721649486
567,113.0,770.0,-7.443298969072165
568,113.0,770.0,-7.443298969072169
569,113.0,837.0,-17.804123711340207
570,114.0,774.0,-8.061855670103093
571,114.0,762.0,-6.2061855670103085
572,114.0,792.0,-10.845360824742269
573,114.0,774.0,-8.06185567010309
574,114.0,830.0,-16.721649484536083
575,115.0,821.0,-15.329896907216492
576,115.0,770.0,-7.443298969072166
577,115.0,770.0,-7.443298969072165
578,115.0,770.0,-7.443298969072163
579,115.0,854.0,-20.432989690721648
580,116.0,774.0,-8.06185567010309
581,116.0,838.0,-17.958762886597942
582,116.0,818.0,-14.865979381443303
583,116.0,774.0,-8.061855670103089
584,116.0,784.0,-9.60824742268041
585,117.0,774.0,-8.06185567010309
586,117.0,770.0,-7.443298969072165
587,117.0,774.0,-8.06185567010309
588,117.0,801.0,-12.237113402061855
589,117.0,834.0,-17.34020618556701
590,118.0,867.0,-22.443298969072167
591,118.0,792.0,-10.845360824742267
592,118.0,783.0,-9.453608247422679
593,118.0,770.0,-7.443298969072165
594,118.0,815.0,-14.402061855670105
595,119.0,770.0,-7.443298969072164
596,119.0,776.0,-8.371134020618555
597,119.0,851.0,-19.969072164948457
598,119.0,812.0,-13.938144329896907
599,119.0,770.0,-7.443298969072165
600,120.0,783.0,-9.453608247422682
601,120.0,776.0,-8.371134020618559
602,120.0,762.0,-6.2061855670103085
603,120.0,828.0,-16.41237113402062
604,120.0,770.0,-7.443298969072165
605,121.0,836.0,-17.64948453608248
606,121.0,824.0,-15.793814432989691
607,121.0,858.0,-21.05154639175258
608,121.0,799.0,-11.927835051546394
609,121.0,994.0,-42.08247422680412
610,122.0,762.0,-6.20618556701031
611,122.0,881.0,-24.608247422680414
612,122.0,814.0,-14.24742268041237
613,122.0,817.0,-14.711340206185566
614,122.0,1033.0,-48.11340206185567
615,123.0,866.0,-22.288659793814436
616,123.0,824.0,-15.793814432989691
617,123.0,801.0,-12.237113402061855
618,123.0,770.0,-7.443298969072164
619,123.0,832.0,-17.030927835051546
620,124.0,882.0,-24.76288659793815
621,124.0,773.0,-7.907216494845356
622,124.0,817.0,-14.711340206185564
623,124.0,762.0,-6.20618556701031
624,124.0,770.0,-7.443298969072165
625,125.0,770.0,-7.443298969072165
626,125.0,773.0,-7.907216494845358
627,125.0,897.0,-27.08247422680413
628,125.0,770.0,-7.443298969072166
629,125.0,833.0,-17.18556701030928
630,126.0,799.0,-11.927835051546396
631,126.0,943.0,-34.1958762886598
632,126.0,770.0,-7.443298969072166
633,126.0,816.0,-14.556701030927837
634,126.0,816.0,-14.556701030927833
635,127.0,762.0,-6.206185567010312
636,127.0,768.0,-7.1340206185567006
637,127.0,775.0,-8.216494845360826
638,127.0,964.0,-37.44329896907216
639,127.0,826.0,-16.10309278350516
640,128.0,773.0,-7.907216494845359
641,128.0,762.0,-6.20618556701031
642,128.0,926.0,-31.567010309278352
643,128.0,821.0,-15.329896907216494
644,128.0,819.0,-15.020618556701027
645,129.0,779.0,-8.835051546391757
646,129.0,914.0,-29.711340206185564
647,129.0,804.0,-12.701030927835053
648,129.0,799.0,-11.927835051546392
649,129.0,762.0,-6.2061855670103085
650,130.0,762.0,-6.20618556701031
651,130.0,762.0,-6.206185567010314
652,130.0,762.0,-6.206185567010312
653,130.0,762.0,-6.20618556701031
654,130.0,762.0,-6.2061855670103085
655,131.0,911.0,-29.24742268041237
656,131.0,770.0,-7.443298969072165
657,131.0,762.0,-6.2061855670103085
658,131.0,762.0,-6.2061855670103085
659,131.0,762.0,-6.2061855670103085
660,132.0,762.0,-6.20618556701031
661,132.0,773.0,-7.907216494845359
662,132.0,780.0,-8.989690721649486
663,132.0,762.0,-6.206185567010312
664,132.0,770.0,-7.443298969072164
665,133.0,773.0,-7.907216494845357
666,133.0,762.0,-6.20618556701031
667,133.0,854.0,-20.43298969072165
668,133.0,811.0,-13.783505154639176
669,133.0,780.0,-8.989690721649488
670,134.0,855.0,-20.587628865979386
671,134.0,762.0,-6.20618556701031
672,134.0,762.0,-6.20618556701031
673,134.0,823.0,-15.639175257731956
674,134.0,883.0,-24.917525773195877
675,135.0,825.0,-15.948453608247426
676,135.0,846.0,-19.19587628865979
677,135.0,825.0,-15.94845360824742
678,135.0,830.0,-16.721649484536083
679,135.0,816.0,-14.556701030927833
680,136.0,886.0,-25.38144329896907
681,136.0,768.0,-7.134020618556702
682,136.0,779.0,-8.835051546391753
683,136.0,866.0,-22.288659793814436
684,136.0,789.0,-10.381443298969074
685,137.0,783.0,-9.453608247422679
686,137.0,770.0,-7.443298969072165
687,137.0,879.0,-24.29896907216495
688,137.0,762.0,-6.20618556701031
689,137.0,780.0,-8.989690721649486
690,138.0,776.0,-8.37113402061856
691,138.0,762.0,-6.206185567010312
692,138.0,816.0,-14.556701030927837
693,138.0,762.0,-6.206185567010307
694,138.0,762.0,-6.206185567010312
695,139.0,868.0,-22.597938144329902
696,139.0,792.0,-10.845360824742269
697,139.0,770.0,-7.443298969072166
698,139.0,837.0,-17.804123711340207
699,139.0,762.0,-6.20618556701031
700,140.0,770.0,-7.443298969072166
701,140.0,902.0,-27.855670103092784
702,140.0,762.0,-6.2061855670103085
703,140.0,762.0,-6.2061855670103085
704,140.0,762.0,-6.20618556701031
705,141.0,828.0,-16.412371134020617
706,141.0,762.0,-6.206185567010309
707,141.0,773.0,-7.907216494845359
708,141.0,762.0,-6.206185567010312
709,141.0,774.0,-8.061855670103093
710,142.0,762.0,-6.206185567010309
711,142.0,770.0,-7.443298969072165
712,142.0,762.0,-6.206185567010312
713,142.0,771.0,-7.597938144329897
714,142.0,762.0,-6.2061855670103085
715,143.0,762.0,-6.20618556701031
716,143.0,811.0,-13.783505154639178
717,143.0,762.0,-6.20618556701031
718,143.0,965.0,-37.5979381443299
719,143.0,762.0,-6.20618556701031
720,144.0,762.0,-6.2061855670103085
721,144.0,914.0,-29.711340206185568
722,144.0,821.0,-15.329896907216497
723,144.0,864.0,-21.97938144329897
724,144.0,845.0,-19.04123711340206
725,145.0,769.0,-7.2886597938144355
726,145.0,762.0,-6.20618556701031
727,145.0,762.0,-6.206185567010312
728,145.0,786.0,-9.917525773195875
729,145.0,762.0,-6.20618556701031
730,146.0,786.0,-9.917525773195877
731,146.0,773.0,-7.907216494845361
732,146.0,773.0,-7.907216494845359
733,146.0,829.0,-16.567010309278352
734,146.0,783.0,-9.453608247422679
735,147.0,762.0,-6.206185567010312
736,147.0,773.0,-7.907216494845361
737,147.0,770.0,-7.443298969072165
738,147.0,762.0,-6.20618556701031
739,147.0,762.0,-6.20618556701031
740,148.0,770.0,-7.443298969072166
741,148.0,775.0,-8.216494845360826
742,148.0,849.0,-19.659793814432987
743,148.0,762.0,-6.2061855670103085
744,148.0,783.0,-9.453608247422682
745,149.0,826.0,-16.103092783505154
746,149.0,762.0,-6.2061855670103085
747,149.0,762.0,-6.20618556701031
748,149.0,770.0,-7.443298969072164
749,149.0,762.0,-6.20618556701031
750,150.0,780.0,-8.989690721649485
751,150.0,775.0,-8.216494845360826
752,150.0,783.0,-9.453608247422677
753,150.0,762.0,-6.2061855670103085
754,150.0,770.0,-7.443298969072165
755,151.0,783.0,-9.45360824742268
756,151.0,795.0,-11.309278350515465
757,151.0,776.0,-8.371134020618559
758,151.0,762.0,-6.2061855670103085
759,151.0,762.0,-6.2061855670103085
760,152.0,816.0,-14.556701030927833
761,152.0,773.0,-7.907216494845359
762,152.0,770.0,-7.443298969072168
763,152.0,780.0,-8.989690721649485
764,152.0,770.0,-7.443298969072166
765,153.0,762.0,-6.2061855670103085
766,153.0,762.0,-6.2061855670103085
767,153.0,762.0,-6.2061855670103085
768,153.0,770.0,-7.443298969072167
769,153.0,816.0,-14.556701030927833
770,154.0,762.0,-6.20618556701031
771,154.0,762.0,-6.2061855670103085
772,154.0,762.0,-6.2061855670103085
773,154.0,762.0,-6.2061855670103085
774,154.0,770.0,-7.443298969072166
775,155.0,762.0,-6.2061855670103085
776,155.0,762.0,-6.2061855670103085
777,155.0,780.0,-8.989690721649486
778,155.0,768.0,-7.134020618556702
779,155.0,762.0,-6.20618556701031
780,156.0,858.0,-21.051546391752577
781,156.0,762.0,-6.2061855670103085
782,156.0,762.0,-6.2061855670103085
783,156.0,762.0,-6.2061855670103085
784,156.0,762.0,-6.2061855670103085
785,157.0,816.0,-14.556701030927837
786,157.0,762.0,-6.2061855670103085
787,157.0,762.0,-6.20618556701031
788,157.0,762.0,-6.2061855670103085
789,157.0,770.0,-7.443298969072168
790,158.0,861.0,-21.51546391752577
791,158.0,762.0,-6.2061855670103085
792,158.0,779.0,-8.835051546391753
793,158.0,762.0,-6.206185567010312
794,158.0,762.0,-6.2061855670103085
795,159.0,770.0,-7.443298969072168
796,159.0,762.0,-6.2061855670103085
797,159.0,780.0,-8.989690721649481
798,159.0,775.0,-8.216494845360826
799,159.0,768.0,-7.134020618556701
800,160.0,818.0,-14.8659793814433
801,160.0,762.0,-6.206185567010307
802,160.0,780.0,-8.989690721649481
803,160.0,780.0,-8.989690721649486
804,160.0,779.0,-8.835051546391753
805,161.0,770.0,-7.443298969072164
806,161.0,812.0,-13.938144329896906
807,161.0,793.0,-11.0
808,161.0,762.0,-6.206185567010307
809,161.0,802.0,-12.391752577319586
810,162.0,762.0,-6.2061855670103085
811,162.0,762.0,-6.2061855670103085
812,162.0,780.0,-8.989690721649486
813,162.0,762.0,-6.2061855670103085
814,162.0,779.0,-8.835051546391755
815,163.0,762.0,-6.2061855670103085
816,163.0,770.0,-7.443298969072165
817,163.0,770.0,-7.443298969072165
818,163.0,762.0,-6.206185567010309
819,163.0,762.0,-6.206185567010307
820,164.0,806.0,-13.010309278350517
821,164.0,762.0,-6.2061855670103085
822,164.0,802.0,-12.391752577319588
823,164.0,789.0,-10.381443298969073
824,164.0,772.0,-7.752577319587629
825,165.0,835.0,-17.494845360824744
826,165.0,854.0,-20.43298969072165
827,165.0,752.0,-4.659793814432993
828,165.0,762.0,-6.2061855670103085
829,165.0,770.0,-7.443298969072165
830,166.0,762.0,-6.206185567010307
831,166.0,852.0,-20.123711340206185
832,166.0,762.0,-6.2061855670103085
833,166.0,824.0,-15.793814432989697
834,166.0,809.0,-13.474226804123713
835,167.0,806.0,-13.010309278350519
836,167.0,762.0,-6.206185567010307
837,167.0,762.0,-6.2061855670103085
838,167.0,762.0,-6.206185567010307
839,167.0,891.0,-26.154639175257728
840,168.0,762.0,-6.206185567010307
841,168.0,762.0,-6.2061855670103085
842,168.0,813.0,-14.09278350515464
843,168.0,779.0,-8.835051546391751
844,168.0,762.0,-6.2061855670103085
845,169.0,780.0,-8.989690721649486
846,169.0,762.0,-6.206185567010307
847,169.0,779.0,-8.83505154639175
848,169.0,762.0,-6.2061855670103085
849,169.0,770.0,-7.443298969072165
850,170.0,775.0,-8.216494845360828
851,170.0,762.0,-6.20618556701031
852,170.0,762.0,-6.206185567010307
853,170.0,888.0,-25.690721649484548
854,170.0,793.0,-10.999999999999998
855,171.0,770.0,-7.443298969072165
856,171.0,762.0,-6.2061855670103085
857,171.0,762.0,-6.2061855670103085
858,171.0,762.0,-6.2061855670103085
859,171.0,833.0,-17.185567010309278
860,172.0,768.0,-7.1340206185567
861,172.0,793.0,-10.999999999999996
862,172.0,821.0,-15.329896907216495
863,172.0,762.0,-6.2061855670103085
864,172.0,768.0,-7.1340206185567006
865,173.0,762.0,-6.20618556701031
866,173.0,762.0,-6.2061855670103085
867,173.0,762.0,-6.206185567010305
868,173.0,780.0,-8.989690721649485
869,173.0,816.0,-14.556701030927835
870,174.0,762.0,-6.2061855670103085
871,174.0,762.0,-6.206185567010307
872,174.0,805.0,-12.855670103092784
873,174.0,762.0,-6.206185567010305
874,174.0,770.0,-7.443298969072164
875,175.0,762.0,-6.206185567010311
876,175.0,762.0,-6.206185567010305
877,175.0,770.0,-7.443298969072164
878,175.0,819.0,-15.02061855670103
879,175.0,770.0,-7.443298969072166
880,176.0,763.0,-6.360824742268042
881,176.0,800.0,-12.082474226804127
882,176.0,783.0,-9.453608247422679
883,176.0,762.0,-6.20618556701031
884,176.0,774.0,-8.061855670103093
885,177.0,873.0,-23.37113402061856
886,177.0,779.0,-8.83505154639175
887,177.0,823.0,-15.63917525773196
888,177.0,762.0,-6.2061855670103085
889,177.0,762.0,-6.2061855670103085
890,178.0,762.0,-6.2061855670103085
891,178.0,762.0,-6.2061855670103085
892,178.0,762.0,-6.20618556701031
893,178.0,770.0,-7.443298969072164
894,178.0,769.0,-7.2886597938144355
895,179.0,770.0,-7.443298969072164
896,179.0,770.0,-7.443298969072164
897,179.0,762.0,-6.2061855670103085
898,179.0,773.0,-7.907216494845359
899,179.0,824.0,-15.79381443298969
900,180.0,773.0,-7.907216494845358
901,180.0,861.0,-21.51546391752578
902,180.0,762.0,-6.2061855670103085
903,180.0,762.0,-6.2061855670103085
904,180.0,762.0,-6.2061855670103085
905,181.0,780.0,-8.989690721649483
906,181.0,850.0,-19.814432989690722
907,181.0,762.0,-6.206185567010309
908,181.0,762.0,-6.206185567010307
909,181.0,834.0,-17.34020618556701
910,182.0,834.0,-17.340206185567013
911,182.0,841.0,-18.422680412371136
912,182.0,762.0,-6.206185567010307
913,182.0,816.0,-14.556701030927833
914,182.0,762.0,-6.20618556701031
915,183.0,786.0,-9.917525773195873
916,183.0,762.0,-6.2061855670103085
917,183.0,762.0,-6.206185567010312
918,183.0,762.0,-6.206185567010307
919,183.0,770.0,-7.443298969072167
920,184.0,835.0,-17.49484536082474
921,184.0,854.0,-20.432989690721655
922,184.0,772.0,-7.752577319587625
923,184.0,762.0,-6.206185567010307
924,184.0,774.0,-8.061855670103094
925,185.0,762.0,-6.20618556701031
926,185.0,872.0,-23.216494845360828
927,185.0,762.0,-6.206185567010307
928,185.0,793.0,-11.000000000000004
929,185.0,768.0,-7.1340206185567006
930,186.0,861.0,-21.51546391752577
931,186.0,909.0,-28.93814432989691
932,186.0,762.0,-6.20618556701031
933,186.0,780.0,-8.989690721649481
934,186.0,818.0,-14.865979381443296
935,187.0,762.0,-6.2061855670103085
936,187.0,781.0,-9.144329896907216
937,187.0,780.0,-8.989690721649485
938,187.0,762.0,-6.2061855670103085
939,187.0,780.0,-8.989690721649485
940,188.0,822.0,-15.484536082474227
941,188.0,762.0,-6.2061855670103085
942,188.0,801.0,-12.237113402061857
943,188.0,762.0,-6.2061855670103085
944,188.0,762.0,-6.2061855670103085
945,189.0,770.0,-7.443298969072167
946,189.0,770.0,-7.443298969072167
947,189.0,762.0,-6.2061855670103085
948,189.0,762.0,-6.2061855670103085
949,189.0,770.0,-7.443298969072163
950,190.0,762.0,-6.206185567010307
951,190.0,762.0,-6.20618556701031
952,190.0,906.0,-28.474226804123713
953,190.0,811.0,-13.783505154639176
954,190.0,762.0,-6.2061855670103085
955,191.0,780.0,-8.989690721649485
956,191.0,762.0,-6.2061855670103085
957,191.0,762.0,-6.206185567010307
958,191.0,798.0,-11.773195876288657
959,191.0,762.0,-6.206185567010307
960,192.0,780.0,-8.989690721649481
961,192.0,762.0,-6.206185567010309
962,192.0,818.0,-14.865979381443296
963,192.0,770.0,-7.443298969072165
964,192.0,762.0,-6.206185567010312
965,193.0,762.0,-6.206185567010309
966,193.0,762.0,-6.206185567010307
967,193.0,762.0,-6.206185567010305
968,193.0,762.0,-6.206185567010307
969,193.0,885.0,-25.226804123711347
970,194.0,762.0,-6.206185567010307
971,194.0,805.0,-12.855670103092784
972,194.0,772.0,-7.752577319587625
973,194.0,780.0,-8.989690721649481
974,194.0,906.0,-28.474226804123713
975,195.0,762.0,-6.206185567010305
976,195.0,822.0,-15.484536082474229
977,195.0,854.0,-20.432989690721648
978,195.0,762.0,-6.206185567010307
979,195.0,783.0,-9.453608247422682
980,196.0,762.0,-6.206185567010307
981,196.0,863.0,-21.824742268041234
982,196.0,762.0,-6.206185567010305
983,196.0,762.0,-6.206185567010305
984,196.0,780.0,-8.989690721649481
985,197.0,762.0,-6.206185567010305
986,197.0,884.0,-25.07216494845361
987,197.0,821.0,-15.329896907216497
988,197.0,762.0,-6.206185567010305
989,197.0,779.0,-8.83505154639175
990,198.0,762.0,-6.206185567010305
991,198.0,762.0,-6.206185567010312
992,198.0,762.0,-6.206185567010305
993,198.0,775.0,-8.216494845360828
994,198.0,775.0,-8.216494845360828
995,199.0,762.0,-6.206185567010305
996,199.0,762.0,-6.206185567010307
997,199.0,762.0,-6.206185567010305
998,199.0,762.0,-6.206185567010305
999,199.0,762.0,-6.2061855670103085
1000,200.0,762.0,-6.20618556701031
1001,200.0,762.0,-6.206185567010305
1002,200.0,762.0,-6.2061855670103085
1003,200.0,780.0,-8.989690721649481
1004,200.0,762.0,-6.206185567010307
1005,201.0,762.0,-6.206185567010305
1006,201.0,772.0,-7.752577319587626
1007,201.0,762.0,-6.20618556701031
1008,201.0,762.0,-6.206185567010307
1009,201.0,762.0,-6.206185567010305
1010,202.0,762.0,-6.20618556701031
1011,202.0,762.0,-6.20618556701031
1012,202.0,752.0,-4.659793814432992
1013,202.0,770.0,-7.443298969072163
1014,202.0,770.0,-7.443298969072163
1015,203.0,762.0,-6.206185567010307
1016,203.0,762.0,-6.206185567010308
1017,203.0,762.0,-6.206185567010307
1018,203.0,772.0,-7.752577319587629
1019,203.0,800.0,-12.082474226804125
1020,204.0,798.0,-11.77319587628866
1021,204.0,762.0,-6.206185567010307
1022,204.0,775.0,-8.216494845360824
1023,204.0,770.0,-7.443298969072165
1024,204.0,773.0,-7.90721649484536
1025,205.0,819.0,-15.02061855670103
1026,205.0,762.0,-6.206185567010306
1027,205.0,762.0,-6.2061855670103085
1028,205.0,762.0,-6.20618556701031
1029,205.0,762.0,-6.206185567010305
1030,206.0,762.0,-6.2061855670103085
1031,206.0,762.0,-6.20618556701031
1032,206.0,762.0,-6.206185567010311
1033,206.0,762.0,-6.2061855670103085
1034,206.0,762.0,-6.206185567010305
1035,207.0,762.0,-6.20618556701031
1036,207.0,877.0,-23.989690721649488
1037,207.0,762.0,-6.20618556701031
1038,207.0,762.0,-6.206185567010307
1039,207.0,762.0,-6.20618556701031
1040,208.0,762.0,-6.20618556701031
1041,208.0,771.0,-7.597938144329898
1042,208.0,859.0,-21.206185567010312
1043,208.0,770.0,-7.443298969072166
1044,208.0,782.0,-9.298969072164947
1045,209.0,762.0,-6.206185567010307
1046,209.0,804.0,-12.701030927835053
1047,209.0,762.0,-6.20618556701031
1048,209.0,770.0,-7.443298969072164
1049,209.0,762.0,-6.20618556701031
1050,210.0,762.0,-6.206185567010307
1051,210.0,762.0,-6.20618556701031
1052,210.0,767.0,-6.979381443298969
1053,210.0,762.0,-6.206185567010307
1054,210.0,762.0,-6.206185567010307
1055,211.0,762.0,-6.206185567010307
1056,211.0,762.0,-6.20618556701031
1057,211.0,779.0,-8.83505154639175
1058,211.0,762.0,-6.2061855670103085
1059,211.0,762.0,-6.2061855670103085
1060,212.0,762.0,-6.206185567010307
1061,212.0,762.0,-6.206185567010307
1062,212.0,815.0,-14.402061855670102
1063,212.0,762.0,-6.20618556701031
1064,212.0,762.0,-6.206185567010305
1065,213.0,762.0,-6.20618556701031
1066,213.0,762.0,-6.206185567010305
1067,213.0,816.0,-14.556701030927833
1068,213.0,762.0,-6.20618556701031
1069,213.0,762.0,-6.206185567010306
1070,214.0,847.0,-19.35051546391753
1071,214.0,771.0,-7.5979381443299
1072,214.0,775.0,-8.216494845360828
1073,214.0,762.0,-6.206185567010307
1074,214.0,771.0,-7.597938144329898
1075,215.0,762.0,-6.206185567010307
1076,215.0,762.0,-6.20618556701031
1077,215.0,771.0,-7.597938144329898
1078,215.0,762.0,-6.20618556701031
1079,215.0,762.0,-6.20618556701031
1080,216.0,762.0,-6.2061855670103085
1081,216.0,762.0,-6.20618556701031
1082,216.0,762.0,-6.20618556701031
1083,216.0,770.0,-7.443298969072166
1084,216.0,775.0,-8.216494845360828
1085,217.0,834.0,-17.340206185567013
1086,217.0,762.0,-6.206185567010307
1087,217.0,770.0,-7.443298969072164
1088,217.0,847.0,-19.35051546391753
1089,217.0,837.0,-17.80412371134021
1090,218.0,762.0,-6.206185567010307
1091,218.0,762.0,-6.206185567010305
1092,218.0,762.0,-6.206185567010307
1093,218.0,762.0,-6.206185567010307
1094,218.0,762.0,-6.20618556701031
1095,219.0,762.0,-6.206185567010307
1096,219.0,762.0,-6.20618556701031
1097,219.0,762.0,-6.20618556701031
1098,219.0,762.0,-6.206185567010305
1099,219.0,762.0,-6.20618556701031
1100,220.0,762.0,-6.206185567010305
1101,220.0,762.0,-6.206185567010307
1102,220.0,762.0,-6.206185567010305
1103,220.0,762.0,-6.206185567010311
1104,220.0,816.0,-14.556701030927837
1105,221.0,763.0,-6.360824742268038
1106,221.0,762.0,-6.2061855670103085
1107,221.0,834.0,-17.340206185567013
1108,221.0,762.0,-6.206185567010307
1109,221.0,762.0,-6.2061855670103085
1110,222.0,794.0,-11.154639175257735
1111,222.0,762.0,-6.206185567010307
1112,222.0,775.0,-8.216494845360826
1113,222.0,762.0,-6.206185567010307
1114,222.0,762.0,-6.20618556701031
1115,223.0,762.0,-6.206185567010307
1116,223.0,762.0,-6.2061855670103085
1117,223.0,762.0,-6.2061855670103085
1118,223.0,762.0,-6.2061855670103085
1119,223.0,762.0,-6.206185567010307
1120,224.0,762.0,-6.206185567010307
1121,224.0,780.0,-8.989690721649481
1122,224.0,762.0,-6.206185567010307
1123,224.0,762.0,-6.206185567010307
1124,224.0,762.0,-6.206185567010312
1125,225.0,762.0,-6.2061855670103085
1126,225.0,762.0,-6.20618556701031
1127,225.0,819.0,-15.02061855670103
1128,225.0,762.0,-6.206185567010305
1129,225.0,762.0,-6.206185567010307
1130,226.0,822.0,-15.484536082474227
1131,226.0,762.0,-6.206185567010307
1132,226.0,762.0,-6.2061855670103085
1133,226.0,762.0,-6.206185567010307
1134,226.0,762.0,-6.206185567010307
1135,227.0,770.0,-7.443298969072165
1136,227.0,762.0,-6.20618556701031
1137,227.0,762.0,-6.206185567010307
1138,227.0,762.0,-6.206185567010307
1139,227.0,825.0,-15.94845360824742
1140,228.0,800.0,-12.082474226804123
1141,228.0,779.0,-8.835051546391751
1142,228.0,762.0,-6.20618556701031
1143,228.0,779.0,-8.835051546391751
1144,228.0,762.0,-6.2061855670103085
1145,229.0,834.0,-17.340206185567006
1146,229.0,830.0,-16.721649484536083
1147,229.0,762.0,-6.206185567010305
1148,229.0,816.0,-14.556701030927833
1149,229.0,779.0,-8.835051546391755
1150,230.0,762.0,-6.206185567010309
1151,230.0,762.0,-6.2061855670103085
1152,230.0,762.0,-6.206185567010311
1153,230.0,750.0,-4.35051546391753
1154,230.0,762.0,-6.206185567010311
1155,231.0,789.0,-10.381443298969078
1156,231.0,762.0,-6.206185567010311
1157,231.0,805.0,-12.855670103092784
1158,231.0,833.0,-17.185567010309278
1159,231.0,768.0,-7.1340206185567
1160,232.0,854.0,-20.43298969072165
1161,232.0,762.0,-6.20618556701031
1162,232.0,818.0,-14.8659793814433
1163,232.0,833.0,-17.18556701030928
1164,232.0,827.0,-16.257731958762886
1165,233.0,762.0,-6.206185567010307
1166,233.0,883.0,-24.917525773195877
1167,233.0,774.0,-8.061855670103089
1168,233.0,832.0,-17.030927835051543
1169,233.0,770.0,-7.443298969072166
1170,234.0,875.0,-23.68041237113402
1171,234.0,812.0,-13.938144329896904
1172,234.0,798.0,-11.773195876288659
1173,234.0,817.0,-14.711340206185568
1174,234.0,762.0,-6.206185567010311
1175,235.0,762.0,-6.206185567010307
1176,235.0,780.0,-8.989690721649483
1177,235.0,762.0,-6.206185567010311
1178,235.0,800.0,-12.082474226804125
1179,235.0,888.0,-25.690721649484537
1180,236.0,762.0,-6.2061855670103085
1181,236.0,762.0,-6.206185567010307
1182,236.0,762.0,-6.20618556701031
1183,236.0,802.0,-12.391752577319592
1184,236.0,823.0,-15.639175257731956
1185,237.0,762.0,-6.2061855670103085
1186,237.0,802.0,-12.391752577319592
1187,237.0,762.0,-6.206185567010307
1188,237.0,762.0,-6.206185567010307
1189,237.0,762.0,-6.206185567010311
1190,238.0,816.0,-14.556701030927835
1191,238.0,762.0,-6.2061855670103085
1192,238.0,762.0,-6.206185567010307
1193,238.0,762.0,-6.20618556701031
1194,238.0,762.0,-6.2061855670103085
1195,239.0,762.0,-6.2061855670103085
1196,239.0,775.0,-8.216494845360828
1197,239.0,762.0,-6.206185567010307
1198,239.0,762.0,-6.206185567010311
1199,239.0,762.0,-6.206185567010307
1200,240.0,763.0,-6.36082474226804
1201,240.0,762.0,-6.206185567010307
1202,240.0,762.0,-6.20618556701031
1203,240.0,762.0,-6.206185567010307
1204,240.0,762.0,-6.2061855670103085
1205,241.0,762.0,-6.206185567010305
1206,241.0,762.0,-6.206185567010307
1207,241.0,762.0,-6.20618556701031
1208,241.0,770.0,-7.443298969072169
1209,241.0,771.0,-7.597938144329895
1210,242.0,762.0,-6.206185567010307
1211,242.0,762.0,-6.20618556701031
1212,242.0,762.0,-6.20618556701031
1213,242.0,771.0,-7.597938144329897
1214,242.0,779.0,-8.835051546391753
1215,243.0,762.0,-6.2061855670103085
1216,243.0,762.0,-6.206185567010309
1217,243.0,762.0,-6.2061855670103085
1218,243.0,762.0,-6.206185567010307
1219,243.0,762.0,-6.206185567010307
1220,244.0,762.0,-6.2061855670103085
1221,244.0,762.0,-6.2061855670103085
1222,244.0,775.0,-8.216494845360828
1223,244.0,762.0,-6.2061855670103085
1224,244.0,780.0,-8.989690721649483
1225,245.0,762.0,-6.206185567010307
1226,245.0,762.0,-6.206185567010305
1227,245.0,762.0,-6.206185567010307
1228,245.0,762.0,-6.206185567010311
1229,245.0,762.0,-6.20618556701031
1230,246.0,762.0,-6.2061855670103085
1231,246.0,770.0,-7.443298969072166
1232,246.0,762.0,-6.206185567010307
1233,246.0,762.0,-6.2061855670103085
1234,246.0,762.0,-6.206185567010307
1235,247.0,762.0,-6.206185567010307
1236,247.0,762.0,-6.20618556701031
1237,247.0,829.0,-16.567010309278345
1238,247.0,762.0,-6.206185567010309
1239,247.0,762.0,-6.20618556701031
1240,248.0,762.0,-6.2061855670103085
1241,248.0,762.0,-6.20618556701031
1242,248.0,774.0,-8.061855670103094
1243,248.0,762.0,-6.206185567010307
1244,248.0,762.0,-6.206185567010307
1245,249.0,762.0,-6.2061855670103085
1246,249.0,762.0,-6.206185567010307
1247,249.0,762.0,-6.2061855670103085
1248,249.0,762.0,-6.2061855670103085
1249,249.0,762.0,-6.206185567010311
1250,250.0,747.0,-3.8865979381443307
1251,250.0,762.0,-6.2061855670103085
1252,250.0,762.0,-6.206185567010307
1253,250.0,762.0,-6.206185567010307
1254,250.0,762.0,-6.206185567010307
1255,251.0,762.0,-6.206185567010307
1256,251.0,762.0,-6.20618556701031
1257,251.0,762.0,-6.206185567010307
1258,251.0,762.0,-6.206185567010307
1259,251.0,762.0,-6.206185567010307
1260,252.0,762.0,-6.2061855670103085
1261,252.0,762.0,-6.20618556701031
1262,252.0,775.0,-8.216494845360828
1263,252.0,762.0,-6.206185567010307
1264,252.0,762.0,-6.20618556701031
1265,253.0,762.0,-6.206185567010307
1266,253.0,775.0,-8.216494845360828
1267,253.0,762.0,-6.206185567010307
1268,253.0,762.0,-6.206185567010307
1269,253.0,819.0,-15.02061855670103
1270,254.0,762.0,-6.2061855670103085
1271,254.0,762.0,-6.206185567010307
1272,254.0,762.0,-6.2061855670103085
1273,254.0,762.0,-6.2061855670103085
1274,254.0,762.0,-6.2061855670103085
1275,255.0,762.0,-6.206185567010307
1276,255.0,762.0,-6.206185567010307
1277,255.0,775.0,-8.216494845360828
1278,255.0,763.0,-6.36082474226804
1279,255.0,762.0,-6.206185567010307
1280,256.0,762.0,-6.206185567010307
1281,256.0,783.0,-9.453608247422682
1282,256.0,762.0,-6.206185567010307
1283,256.0,762.0,-6.206185567010307
1284,256.0,779.0,-8.835051546391751
1285,257.0,762.0,-6.2061855670103085
1286,257.0,762.0,-6.206185567010307
1287,257.0,762.0,-6.20618556701031
1288,257.0,762.0,-6.206185567010307
1289,257.0,762.0,-6.206185567010307
1290,258.0,762.0,-6.20618556701031
1291,258.0,775.0,-8.216494845360828
1292,258.0,762.0,-6.20618556701031
1293,258.0,775.0,-8.216494845360828
1294,258.0,762.0,-6.2061855670103085
1295,259.0,762.0,-6.20618556701031
1296,259.0,762.0,-6.206185567010307
1297,259.0,762.0,-6.2061855670103085
1298,259.0,762.0,-6.206185567010309
1299,259.0,762.0,-6.2061855670103085
1300,260.0,770.0,-7.443298969072166
1301,260.0,762.0,-6.206185567010307
1302,260.0,789.0,-10.38144329896907
1303,260.0,762.0,-6.206185567010307
1304,260.0,762.0,-6.20618556701031
1305,261.0,762.0,-6.2061855670103085
1306,261.0,762.0,-6.20618556701031
1307,261.0,762.0,-6.20618556701031
1308,261.0,762.0,-6.20618556701031
1309,261.0,762.0,-6.20618556701031
1310,262.0,762.0,-6.206185567010307
1311,262.0,762.0,-6.206185567010307
1312,262.0,762.0,-6.20618556701031
1313,262.0,762.0,-6.20618556701031
1314,262.0,762.0,-6.20618556701031
1315,263.0,762.0,-6.2061855670103085
1316,263.0,762.0,-6.20618556701031
1317,263.0,762.0,-6.206185567010311
1318,263.0,774.0,-8.061855670103094
1319,263.0,762.0,-6.206185567010307
1320,264.0,775.0,-8.216494845360828
1321,264.0,762.0,-6.206185567010307
1322,264.0,770.0,-7.443298969072166
1323,264.0,762.0,-6.20618556701031
1324,264.0,762.0,-6.2061855670103085
1325,265.0,762.0,-6.206185567010307
1326,265.0,762.0,-6.206185567010307
1327,265.0,780.0,-8.989690721649481
1328,265.0,762.0,-6.206185567010305
1329,265.0,762.0,-6.206185567010307
1330,266.0,762.0,-6.206185567010307
1331,266.0,762.0,-6.20618556701031
1332,266.0,762.0,-6.20618556701031
1333,266.0,762.0,-6.206185567010307
1334,266.0,762.0,-6.206185567010307
1335,267.0,762.0,-6.2061855670103085
1336,267.0,762.0,-6.206185567010307
1337,267.0,762.0,-6.206185567010307
1338,267.0,762.0,-6.206185567010307
1339,267.0,762.0,-6.206185567010307
1340,268.0,762.0,-6.206185567010307
1341,268.0,762.0,-6.20618556701031
1342,268.0,762.0,-6.2061855670103085
1343,268.0,762.0,-6.206185567010311
1344,268.0,774.0,-8.06185567010309
1345,269.0,762.0,-6.206185567010307
1346,269.0,762.0,-6.2061855670103085
1347,269.0,762.0,-6.2061855670103085
1348,269.0,762.0,-6.20618556701031
1349,269.0,779.0,-8.835051546391753
1350,270.0,762.0,-6.206185567010307
1351,270.0,762.0,-6.206185567010311
1352,270.0,762.0,-6.206185567010307
1353,270.0,762.0,-6.20618556701031
1354,270.0,762.0,-6.206185567010307
1355,271.0,762.0,-6.2061855670103085
1356,271.0,762.0,-6.206185567010307
1357,271.0,762.0,-6.206185567010307
1358,271.0,762.0,-6.2061855670103085
1359,271.0,762.0,-6.206185567010307
1360,272.0,762.0,-6.206185567010307
1361,272.0,762.0,-6.206185567010307
1362,272.0,775.0,-8.216494845360828
1363,272.0,762.0,-6.206185567010307
1364,272.0,762.0,-6.206185567010307
1365,273.0,762.0,-6.206185567010307
1366,273.0,813.0,-14.092783505154637
1367,273.0,762.0,-6.206185567010312
1368,273.0,762.0,-6.2061855670103085
1369,273.0,816.0,-14.556701030927833
1370,274.0,762.0,-6.2061855670103085
1371,274.0,762.0,-6.2061855670103085
1372,274.0,762.0,-6.2061855670103085
1373,274.0,762.0,-6.206185567010307
1374,274.0,762.0,-6.2061855670103085
1375,275.0,774.0,-8.06185567010309
1376,275.0,762.0,-6.206185567010307
1377,275.0,780.0,-8.989690721649485
1378,275.0,762.0,-6.206185567010307
1379,275.0,762.0,-6.206185567010307
1380,276.0,762.0,-6.2061855670103085
1381,276.0,779.0,-8.835051546391753
1382,276.0,762.0,-6.206185567010307
1383,276.0,762.0,-6.2061855670103085
1384,276.0,762.0,-6.206185567010307
1385,277.0,762.0,-6.206185567010311
1386,277.0,762.0,-6.2061855670103085
1387,277.0,762.0,-6.2061855670103085
1388,277.0,762.0,-6.20618556701031
1389,277.0,774.0,-8.06185567010309
1390,278.0,762.0,-6.206185567010307
1391,278.0,762.0,-6.20618556701031
1392,278.0,762.0,-6.20618556701031
1393,278.0,762.0,-6.2061855670103085
1394,278.0,762.0,-6.2061855670103085
1395,279.0,762.0,-6.206185567010309
1396,279.0,762.0,-6.20618556701031
1397,279.0,762.0,-6.20618556701031
1398,279.0,775.0,-8.216494845360828
1399,279.0,762.0,-6.2061855670103085
1400,280.0,762.0,-6.20618556701031
1401,280.0,767.0,-6.979381443298971
1402,280.0,762.0,-6.206185567010307
1403,280.0,762.0,-6.206185567010307
1404,280.0,762.0,-6.2061855670103085
1405,281.0,762.0,-6.2061855670103085
1406,281.0,762.0,-6.20618556701031
1407,281.0,762.0,-6.2061855670103085
1408,281.0,800.0,-12.082474226804123
1409,281.0,762.0,-6.206185567010311
1410,282.0,762.0,-6.2061855670103085
1411,282.0,813.0,-14.092783505154637
1412,282.0,762.0,-6.206185567010311
1413,282.0,762.0,-6.206185567010311
1414,282.0,762.0,-6.206185567010311
1415,283.0,762.0,-6.206185567010311
1416,283.0,762.0,-6.206185567010311
1417,283.0,774.0,-8.06185567010309
1418,283.0,762.0,-6.20618556701031
1419,283.0,762.0,-6.206185567010312
1420,284.0,762.0,-6.20618556701031
1421,284.0,762.0,-6.2061855670103085
1422,284.0,762.0,-6.2061855670103085
1423,284.0,762.0,-6.20618556701031
1424,284.0,762.0,-6.206185567010309
1425,285.0,762.0,-6.20618556701031
1426,285.0,762.0,-6.20618556701031
1427,285.0,762.0,-6.206185567010309
1428,285.0,762.0,-6.20618556701031
1429,285.0,762.0,-6.206185567010311
1430,286.0,762.0,-6.20618556701031
1431,286.0,754.0,-4.969072164948451
1432,286.0,762.0,-6.206185567010311
1433,286.0,762.0,-6.20618556701031
1434,286.0,762.0,-6.20618556701031
1435,287.0,762.0,-6.2061855670103085
1436,287.0,762.0,-6.206185567010311
1437,287.0,762.0,-6.20618556701031
1438,287.0,762.0,-6.206185567010306
1439,287.0,840.0,-18.2680412371134
1440,288.0,762.0,-6.206185567010307
1441,288.0,762.0,-6.2061855670103085
1442,288.0,779.0,-8.835051546391751
1443,288.0,816.0,-14.556701030927833
1444,288.0,762.0,-6.206185567010311
1445,289.0,803.0,-12.546391752577321
1446,289.0,846.0,-19.195876288659797
1447,289.0,904.0,-28.164948453608247
1448,289.0,762.0,-6.206185567010306
1449,289.0,762.0,-6.2061855670103085
1450,290.0,762.0,-6.2061855670103085
1451,290.0,762.0,-6.2061855670103085
1452,290.0,762.0,-6.2061855670103085
1453,290.0,762.0,-6.206185567010311
1454,290.0,775.0,-8.216494845360828
1455,291.0,775.0,-8.216494845360828
1456,291.0,770.0,-7.443298969072165
1457,291.0,762.0,-6.2061855670103085
1458,291.0,762.0,-6.20618556701031
1459,291.0,762.0,-6.2061855670103085
1460,292.0,762.0,-6.20618556701031
1461,292.0,774.0,-8.061855670103093
1462,292.0,762.0,-6.2061855670103085
1463,292.0,762.0,-6.2061855670103085
1464,292.0,792.0,-10.845360824742267
1465,293.0,762.0,-6.2061855670103085
1466,293.0,813.0,-14.092783505154639
1467,293.0,762.0,-6.20618556701031
1468,293.0,762.0,-6.2061855670103085
1469,293.0,833.0,-17.185567010309278
1470,294.0,762.0,-6.206185567010307
1471,294.0,770.0,-7.443298969072163
1472,294.0,762.0,-6.2061855670103085
1473,294.0,815.0,-14.402061855670103
1474,294.0,762.0,-6.2061855670103085
1475,295.0,825.0,-15.948453608247425
1476,295.0,762.0,-6.2061855670103085
1477,295.0,762.0,-6.2061855670103085
1478,295.0,762.0,-6.2061855670103085
1479,295.0,830.0,-16.721649484536087
1480,296.0,861.0,-21.515463917525775
1481,296.0,762.0,-6.206185567010309
1482,296.0,783.0,-9.453608247422679
1483,296.0,762.0,-6.2061855670103085
1484,296.0,821.0,-15.329896907216495
1485,297.0,775.0,-8.216494845360828
1486,297.0,763.0,-6.36082474226804
1487,297.0,762.0,-6.2061855670103085
1488,297.0,787.0,-10.072164948453604
1489,297.0,762.0,-6.2061855670103085
1490,298.0,762.0,-6.2061855670103085
1491,298.0,762.0,-6.20618556701031
1492,298.0,762.0,-6.20618556701031
1493,298.0,804.0,-12.701030927835053
1494,298.0,762.0,-6.2061855670103085
1495,299.0,783.0,-9.45360824742268
1496,299.0,762.0,-6.2061855670103085
1497,299.0,762.0,-6.2061855670103085
1498,299.0,775.0,-8.216494845360828
1499,299.0,762.0,-6.2061855670103085
1500,300.0,762.0,-6.206185567010311
1501,300.0,762.0,-6.206185567010312
1502,300.0,762.0,-6.2061855670103085
1503,300.0,762.0,-6.2061855670103085
1504,300.0,774.0,-8.061855670103093
1505,301.0,762.0,-6.2061855670103085
1506,301.0,762.0,-6.2061855670103085
1507,301.0,762.0,-6.206185567010308
1508,301.0,762.0,-6.2061855670103085
1509,301.0,762.0,-6.2061855670103085
1510,302.0,762.0,-6.2061855670103085
1511,302.0,762.0,-6.2061855670103085
1512,302.0,762.0,-6.2061855670103085
1513,302.0,762.0,-6.20618556701031
1514,302.0,762.0,-6.2061855670103085
1515,303.0,762.0,-6.2061855670103085
1516,303.0,762.0,-6.2061855670103085
1517,303.0,762.0,-6.206185567010311
1518,303.0,775.0,-8.216494845360828
1519,303.0,762.0,-6.20618556701031
1520,304.0,762.0,-6.206185567010309
1521,304.0,762.0,-6.2061855670103085
1522,304.0,762.0,-6.2061855670103085
1523,304.0,762.0,-6.2061855670103085
1524,304.0,762.0,-6.206185567010311
1525,305.0,762.0,-6.2061855670103085
1526,305.0,762.0,-6.2061855670103085
1527,305.0,762.0,-6.206185567010309
1528,305.0,762.0,-6.206185567010307
1529,305.0,762.0,-6.20618556701031
1530,306.0,775.0,-8.216494845360828
1531,306.0,762.0,-6.20618556701031
1532,306.0,762.0,-6.2061855670103085
1533,306.0,861.0,-21.51546391752577
1534,306.0,762.0,-6.206185567010309
1535,307.0,762.0,-6.206185567010311
1536,307.0,762.0,-6.2061855670103085
1537,307.0,820.0,-15.175257731958766
1538,307.0,762.0,-6.20618556701031
1539,307.0,762.0,-6.2061855670103085
1540,308.0,762.0,-6.206185567010308
1541,308.0,796.0,-11.463917525773198
1542,308.0,851.0,-19.96907216494845
1543,308.0,762.0,-6.20618556701031
1544,308.0,762.0,-6.206185567010309
1545,309.0,762.0,-6.206185567010309
1546,309.0,762.0,-6.2061855670103085
1547,309.0,762.0,-6.206185567010309
1548,309.0,816.0,-14.556701030927833
1549,309.0,812.0,-13.938144329896904
1550,310.0,762.0,-6.206185567010311
1551,310.0,862.0,-21.670103092783506
1552,310.0,762.0,-6.2061855670103085
1553,310.0,762.0,-6.2061855670103085
1554,310.0,762.0,-6.206185567010311
1555,311.0,762.0,-6.2061855670103085
1556,311.0,762.0,-6.206185567010311
1557,311.0,762.0,-6.206185567010309
1558,311.0,762.0,-6.206185567010309
1559,311.0,762.0,-6.206185567010307
1560,312.0,762.0,-6.2061855670103085
1561,312.0,875.0,-23.680412371134025
1562,312.0,762.0,-6.2061855670103085
1563,312.0,762.0,-6.206185567010309
1564,312.0,762.0,-6.2061855670103085
1565,313.0,762.0,-6.2061855670103085
1566,313.0,762.0,-6.206185567010309
1567,313.0,762.0,-6.20618556701031
1568,313.0,762.0,-6.206185567010307
1569,313.0,774.0,-8.06185567010309
1570,314.0,840.0,-18.2680412371134
1571,314.0,762.0,-6.2061855670103085
1572,314.0,762.0,-6.2061855670103085
1573,314.0,762.0,-6.2061855670103085
1574,314.0,762.0,-6.206185567010307
1575,315.0,762.0,-6.206185567010311
1576,315.0,762.0,-6.20618556701031
1577,315.0,762.0,-6.20618556701031
1578,315.0,762.0,-6.2061855670103085
1579,315.0,762.0,-6.206185567010309
1580,316.0,813.0,-14.092783505154637
1581,316.0,762.0,-6.206185567010307
1582,316.0,762.0,-6.2061855670103085
1583,316.0,762.0,-6.206185567010311
1584,316.0,762.0,-6.2061855670103085
1585,317.0,762.0,-6.2061855670103085
1586,317.0,762.0,-6.2061855670103085
1587,317.0,762.0,-6.2061855670103085
1588,317.0,762.0,-6.206185567010309
1589,317.0,762.0,-6.2061855670103085
1590,318.0,762.0,-6.2061855670103085
1591,318.0,762.0,-6.206185567010312
1592,318.0,762.0,-6.2061855670103085
1593,318.0,813.0,-14.092783505154639
1594,318.0,762.0,-6.20618556701031
1595,319.0,762.0,-6.2061855670103085
1596,319.0,762.0,-6.2061855670103085
1597,319.0,762.0,-6.206185567010312
1598,319.0,784.0,-9.608247422680414
1599,319.0,762.0,-6.206185567010305
1600,320.0,762.0,-6.2061855670103085
1601,320.0,813.0,-14.092783505154637
1602,320.0,762.0,-6.206185567010311
1603,320.0,762.0,-6.2061855670103085
1604,320.0,762.0,-6.2061855670103085
1605,321.0,762.0,-6.2061855670103085
1606,321.0,762.0,-6.2061855670103085
1607,321.0,762.0,-6.2061855670103085
1608,321.0,762.0,-6.2061855670103085
1609,321.0,783.0,-9.453608247422679
1610,322.0,762.0,-6.2061855670103085
1611,322.0,769.0,-7.288659793814432
1612,322.0,762.0,-6.206185567010308
1613,322.0,779.0,-8.835051546391757
1614,322.0,762.0,-6.2061855670103085
1615,323.0,762.0,-6.206185567010308
1616,323.0,762.0,-6.20618556701031
1617,323.0,779.0,-8.835051546391751
1618,323.0,837.0,-17.804123711340207
1619,323.0,762.0,-6.20618556701031
1620,324.0,762.0,-6.20618556701031
1621,324.0,762.0,-6.20618556701031
1622,324.0,762.0,-6.2061855670103085
1623,324.0,762.0,-6.20618556701031
1624,324.0,762.0,-6.2061855670103085
1625,325.0,770.0,-7.443298969072163
1626,325.0,762.0,-6.206185567010308
1627,325.0,762.0,-6.206185567010311
1628,325.0,762.0,-6.20618556701031
1629,325.0,762.0,-6.2061855670103085
1630,326.0,762.0,-6.206185567010307
1631,326.0,762.0,-6.206185567010307
1632,326.0,762.0,-6.20618556701031
1633,326.0,762.0,-6.206185567010306
1634,326.0,762.0,-6.20618556701031
1635,327.0,762.0,-6.206185567010308
1636,327.0,762.0,-6.2061855670103085
1637,327.0,762.0,-6.2061855670103085
1638,327.0,762.0,-6.20618556701031
1639,327.0,762.0,-6.2061855670103085
1640,328.0,762.0,-6.20618556701031
1641,328.0,762.0,-6.20618556701031
1642,328.0,762.0,-6.2061855670103085
1643,328.0,762.0,-6.20618556701031
1644,328.0,783.0,-9.45360824742268
1645,329.0,762.0,-6.206185567010307
1646,329.0,762.0,-6.20618556701031
1647,329.0,762.0,-6.20618556701031
1648,329.0,762.0,-6.20618556701031
1649,329.0,770.0,-7.443298969072168
1650,330.0,762.0,-6.2061855670103085
1651,330.0,762.0,-6.20618556701031
1652,330.0,855.0,-20.587628865979386
1653,330.0,762.0,-6.2061855670103085
1654,330.0,762.0,-6.206185567010306
1655,331.0,762.0,-6.206185567010308
1656,331.0,762.0,-6.2061855670103085
1657,331.0,762.0,-6.206185567010308
1658,331.0,762.0,-6.20618556701031
1659,331.0,762.0,-6.20618556701031
1660,332.0,762.0,-6.206185567010309
1661,332.0,762.0,-6.206185567010307
1662,332.0,762.0,-6.20618556701031
1663,332.0,762.0,-6.206185567010309
1664,332.0,762.0,-6.206185567010305
1665,333.0,762.0,-6.2061855670103085
1666,333.0,793.0,-11.0
1667,333.0,774.0,-8.061855670103093
1668,333.0,762.0,-6.206185567010307
1669,333.0,762.0,-6.206185567010309
1670,334.0,762.0,-6.2061855670103085
1671,334.0,762.0,-6.2061855670103085
1672,334.0,762.0,-6.206185567010308
1673,334.0,762.0,-6.20618556701031
1674,334.0,762.0,-6.20618556701031
1675,335.0,762.0,-6.206185567010309
1676,335.0,769.0,-7.2886597938144355
1677,335.0,762.0,-6.2061855670103085
1678,335.0,762.0,-6.206185567010312
1679,335.0,762.0,-6.20618556701031
1680,336.0,762.0,-6.206185567010307
1681,336.0,762.0,-6.2061855670103085
1682,336.0,762.0,-6.206185567010309
1683,336.0,762.0,-6.20618556701031
1684,336.0,762.0,-6.2061855670103085
1685,337.0,762.0,-6.206185567010309
1686,337.0,762.0,-6.206185567010309
1687,337.0,762.0,-6.2061855670103085
1688,337.0,762.0,-6.206185567010307
1689,337.0,762.0,-6.20618556701031
1690,338.0,762.0,-6.2061855670103085
1691,338.0,762.0,-6.2061855670103085
1692,338.0,762.0,-6.2061855670103085
1693,338.0,762.0,-6.2061855670103085
1694,338.0,762.0,-6.206185567010309
1695,339.0,762.0,-6.2061855670103085
1696,339.0,809.0,-13.474226804123713
1697,339.0,762.0,-6.2061855670103085
1698,339.0,762.0,-6.2061855670103085
1699,339.0,762.0,-6.2061855670103085
1700,340.0,762.0,-6.2061855670103085
1701,340.0,762.0,-6.206185567010307
1702,340.0,762.0,-6.206185567010307
1703,340.0,762.0,-6.2061855670103085
1704,340.0,762.0,-6.2061855670103085
1705,341.0,762.0,-6.206185567010307
1706,341.0,762.0,-6.206185567010307
1707,341.0,762.0,-6.206185567010307
1708,341.0,762.0,-6.206185567010307
1709,341.0,762.0,-6.2061855670103085
1710,342.0,762.0,-6.206185567010307
1711,342.0,762.0,-6.2061855670103085
1712,342.0,762.0,-6.206185567010307
1713,342.0,762.0,-6.206185567010307
1714,342.0,762.0,-6.206185567010307
1715,343.0,775.0,-8.216494845360828
1716,343.0,762.0,-6.206185567010307
1717,343.0,762.0,-6.2061855670103085
1718,343.0,762.0,-6.206185567010307
1719,343.0,762.0,-6.2061855670103085
1720,344.0,762.0,-6.20618556701031
1721,344.0,762.0,-6.2061855670103085
1722,344.0,774.0,-8.061855670103093
1723,344.0,762.0,-6.206185567010309
1724,344.0,819.0,-15.020618556701033
1725,345.0,816.0,-14.556701030927833
1726,345.0,762.0,-6.2061855670103085
1727,345.0,762.0,-6.206185567010308
1728,345.0,762.0,-6.206185567010307
1729,345.0,762.0,-6.2061855670103085
1730,346.0,762.0,-6.206185567010307
1731,346.0,817.0,-14.711340206185568
1732,346.0,762.0,-6.206185567010307
1733,346.0,762.0,-6.2061855670103085
1734,346.0,854.0,-20.43298969072165
1735,347.0,762.0,-6.206185567010305
1736,347.0,762.0,-6.2061855670103085
1737,347.0,762.0,-6.2061855670103085
1738,347.0,763.0,-6.36082474226804
1739,347.0,775.0,-8.216494845360828
1740,348.0,762.0,-6.206185567010307
1741,348.0,762.0,-6.20618556701031
1742,348.0,762.0,-6.206185567010307
1743,348.0,762.0,-6.2061855670103085
1744,348.0,762.0,-6.206185567010307
1745,349.0,762.0,-6.2061855670103085
1746,349.0,762.0,-6.206185567010307
1747,349.0,762.0,-6.2061855670103085
1748,349.0,762.0,-6.2061855670103085
1749,349.0,762.0,-6.2061855670103085
1750,350.0,762.0,-6.2061855670103085
1751,350.0,762.0,-6.2061855670103085
1752,350.0,762.0,-6.2061855670103085
1753,350.0,762.0,-6.2061855670103085
1754,350.0,762.0,-6.2061855670103085
1755,351.0,762.0,-6.2061855670103085
1756,351.0,762.0,-6.2061855670103085
1757,351.0,762.0,-6.2061855670103085
1758,351.0,762.0,-6.2061855670103085
1759,351.0,783.0,-9.453608247422677
1760,352.0,762.0,-6.206185567010307
1761,352.0,762.0,-6.2061855670103085
1762,352.0,762.0,-6.206185567010307
1763,352.0,762.0,-6.206185567010307
1764,352.0,783.0,-9.453608247422679
1765,353.0,762.0,-6.206185567010307
1766,353.0,762.0,-6.206185567010307
1767,353.0,762.0,-6.206185567010307
1768,353.0,762.0,-6.206185567010307
1769,353.0,762.0,-6.2061855670103085
1770,354.0,779.0,-8.835051546391753
1771,354.0,762.0,-6.206185567010307
1772,354.0,762.0,-6.206185567010307
1773,354.0,762.0,-6.206185567010307
1774,354.0,762.0,-6.206185567010307
1775,355.0,762.0,-6.206185567010307
1776,355.0,819.0,-15.02061855670103
1777,355.0,762.0,-6.2061855670103085
1778,355.0,762.0,-6.206185567010307
1779,355.0,867.0,-22.443298969072167
1780,356.0,762.0,-6.206185567010307
1781,356.0,762.0,-6.2061855670103085
1782,356.0,762.0,-6.206185567010306
1783,356.0,762.0,-6.206185567010307
1784,356.0,762.0,-6.20618556701031
1785,357.0,762.0,-6.206185567010307
1786,357.0,762.0,-6.206185567010307
1787,357.0,762.0,-6.2061855670103085
1788,357.0,770.0,-7.443298969072164
1789,357.0,762.0,-6.2061855670103085
1790,358.0,762.0,-6.2061855670103085
1791,358.0,762.0,-6.2061855670103085
1792,358.0,762.0,-6.206185567010307
1793,358.0,762.0,-6.206185567010307
1794,358.0,762.0,-6.2061855670103085
1795,359.0,762.0,-6.2061855670103085
1796,359.0,762.0,-6.2061855670103085
1797,359.0,762.0,-6.2061855670103085
1798,359.0,762.0,-6.206185567010307
1799,359.0,762.0,-6.2061855670103085
1800,360.0,762.0,-6.2061855670103085
1801,360.0,762.0,-6.2061855670103085
1802,360.0,762.0,-6.2061855670103085
1803,360.0,762.0,-6.2061855670103085
1804,360.0,762.0,-6.2061855670103085
1805,361.0,762.0,-6.206185567010307
1806,361.0,762.0,-6.20618556701031
1807,361.0,762.0,-6.2061855670103085
1808,361.0,762.0,-6.2061855670103085
1809,361.0,762.0,-6.2061855670103085
1810,362.0,762.0,-6.206185567010309
1811,362.0,762.0,-6.206185567010307
1812,362.0,762.0,-6.206185567010307
1813,362.0,762.0,-6.206185567010307
1814,362.0,775.0,-8.216494845360824
1815,363.0,762.0,-6.20618556701031
1816,363.0,762.0,-6.206185567010306
1817,363.0,769.0,-7.288659793814434
1818,363.0,762.0,-6.2061855670103085
1819,363.0,762.0,-6.2061855670103085
1820,364.0,762.0,-6.206185567010308
1821,364.0,762.0,-6.20618556701031
1822,364.0,762.0,-6.206185567010307
1823,364.0,762.0,-6.2061855670103085
1824,364.0,762.0,-6.2061855670103085
1825,365.0,762.0,-6.2061855670103085
1826,365.0,762.0,-6.20618556701031
1827,365.0,762.0,-6.206185567010307
1828,365.0,762.0,-6.2061855670103085
1829,365.0,762.0,-6.206185567010309
1830,366.0,762.0,-6.206185567010307
1831,366.0,762.0,-6.206185567010308
1832,366.0,816.0,-14.556701030927831
1833,366.0,762.0,-6.206185567010307
1834,366.0,762.0,-6.2061855670103085
1835,367.0,762.0,-6.2061855670103085
1836,367.0,762.0,-6.206185567010307
1837,367.0,762.0,-6.206185567010307
1838,367.0,762.0,-6.2061855670103085
1839,367.0,762.0,-6.2061855670103085
1840,368.0,762.0,-6.20618556701031
1841,368.0,762.0,-6.20618556701031
1842,368.0,762.0,-6.206185567010307
1843,368.0,762.0,-6.206185567010309
1844,368.0,762.0,-6.2061855670103085
1845,369.0,762.0,-6.2061855670103085
1846,369.0,762.0,-6.206185567010307
1847,369.0,762.0,-6.206185567010307
1848,369.0,762.0,-6.206185567010305
1849,369.0,762.0,-6.2061855670103085
1850,370.0,762.0,-6.2061855670103085
1851,370.0,762.0,-6.2061855670103085
1852,370.0,762.0,-6.20618556701031
1853,370.0,762.0,-6.2061855670103085
1854,370.0,762.0,-6.206185567010308
1855,371.0,762.0,-6.2061855670103085
1856,371.0,762.0,-6.206185567010307
1857,371.0,762.0,-6.2061855670103085
1858,371.0,762.0,-6.2061855670103085
1859,371.0,762.0,-6.2061855670103085
1860,372.0,819.0,-15.02061855670103
1861,372.0,762.0,-6.2061855670103085
1862,372.0,762.0,-6.2061855670103085
1863,372.0,762.0,-6.2061855670103085
1864,372.0,762.0,-6.2061855670103085
1865,373.0,762.0,-6.2061855670103085
1866,373.0,762.0,-6.206185567010305
1867,373.0,762.0,-6.2061855670103085
1868,373.0,762.0,-6.2061855670103085
1869,373.0,783.0,-9.453608247422679
1870,374.0,783.0,-9.453608247422677
1871,374.0,762.0,-6.2061855670103085
1872,374.0,762.0,-6.206185567010307
1873,374.0,762.0,-6.206185567010307
1874,374.0,775.0,-8.216494845360828
1875,375.0,762.0,-6.206185567010307
1876,375.0,762.0,-6.206185567010305
1877,375.0,762.0,-6.2061855670103085
1878,375.0,762.0,-6.2061855670103085
1879,375.0,762.0,-6.206185567010307
1880,376.0,762.0,-6.2061855670103085
1881,376.0,762.0,-6.206185567010307
1882,376.0,762.0,-6.2061855670103085
1883,376.0,762.0,-6.206185567010307
1884,376.0,762.0,-6.206185567010307
1885,377.0,762.0,-6.2061855670103085
1886,377.0,762.0,-6.2061855670103085
1887,377.0,762.0,-6.2061855670103085
1888,377.0,762.0,-6.206185567010309
1889,377.0,762.0,-6.2061855670103085
1890,378.0,762.0,-6.20618556701031
1891,378.0,762.0,-6.206185567010307
1892,378.0,762.0,-6.20618556701031
1893,378.0,762.0,-6.2061855670103085
1894,378.0,762.0,-6.2061855670103085
1895,379.0,762.0,-6.2061855670103085
1896,379.0,774.0,-8.061855670103093
1897,379.0,762.0,-6.2061855670103085
1898,379.0,762.0,-6.2061855670103085
1899,379.0,762.0,-6.2061855670103085
1900,380.0,762.0,-6.2061855670103085
1901,380.0,762.0,-6.206185567010305
1902,380.0,762.0,-6.2061855670103085
1903,380.0,762.0,-6.2061855670103085
1904,380.0,762.0,-6.2061855670103085
1905,381.0,762.0,-6.2061855670103085
1906,381.0,762.0,-6.2061855670103085
1907,381.0,762.0,-6.206185567010305
1908,381.0,762.0,-6.2061855670103085
1909,381.0,762.0,-6.2061855670103085
1910,382.0,762.0,-6.2061855670103085
1911,382.0,762.0,-6.2061855670103085
1912,382.0,762.0,-6.2061855670103085
1913,382.0,762.0,-6.2061855670103085
1914,382.0,762.0,-6.2061855670103085
1915,383.0,772.0,-7.75257731958763
1916,383.0,762.0,-6.2061855670103085
1917,383.0,762.0,-6.206185567010307
1918,383.0,762.0,-6.2061855670103085
1919,383.0,762.0,-6.2061855670103085
1920,384.0,762.0,-6.2061855670103085
1921,384.0,762.0,-6.2061855670103085
1922,384.0,762.0,-6.2061855670103085
1923,384.0,762.0,-6.2061855670103085
1924,384.0,762.0,-6.2061855670103085
1925,385.0,816.0,-14.556701030927833
1926,385.0,762.0,-6.2061855670103085
1927,385.0,762.0,-6.2061855670103085
1928,385.0,762.0,-6.206185567010305
1929,385.0,762.0,-6.20618556701031
1930,386.0,762.0,-6.2061855670103085
1931,386.0,762.0,-6.2061855670103085
1932,386.0,762.0,-6.2061855670103085
1933,386.0,762.0,-6.2061855670103085
1934,386.0,762.0,-6.2061855670103085
1935,387.0,762.0,-6.2061855670103085
1936,387.0,762.0,-6.2061855670103085
1937,387.0,762.0,-6.2061855670103085
1938,387.0,762.0,-6.2061855670103085
1939,387.0,762.0,-6.2061855670103085
1940,388.0,762.0,-6.20618556701031
1941,388.0,774.0,-8.061855670103093
1942,388.0,762.0,-6.2061855670103085
1943,388.0,774.0,-8.061855670103093
1944,388.0,762.0,-6.2061855670103085
1945,389.0,762.0,-6.206185567010305
1946,389.0,762.0,-6.206185567010305
1947,389.0,762.0,-6.2061855670103085
1948,389.0,762.0,-6.206185567010311
1949,389.0,774.0,-8.06185567010309
1950,390.0,762.0,-6.2061855670103085
1951,390.0,762.0,-6.20618556701031
1952,390.0,762.0,-6.2061855670103085
1953,390.0,762.0,-6.2061855670103085
1954,390.0,762.0,-6.206185567010311
1955,391.0,762.0,-6.206185567010305
1956,391.0,762.0,-6.2061855670103085
1957,391.0,762.0,-6.2061855670103085
1958,391.0,762.0,-6.20618556701031
1959,391.0,762.0,-6.2061855670103085
1960,392.0,762.0,-6.2061855670103085
1961,392.0,762.0,-6.2061855670103085
1962,392.0,762.0,-6.206185567010306
1963,392.0,762.0,-6.2061855670103085
1964,392.0,762.0,-6.206185567010309
1965,393.0,762.0,-6.206185567010307
1966,393.0,762.0,-6.2061855670103085
1967,393.0,762.0,-6.2061855670103085
1968,393.0,762.0,-6.2061855670103085
1969,393.0,762.0,-6.206185567010305
1970,394.0,762.0,-6.20618556701031
1971,394.0,774.0,-8.061855670103093
1972,394.0,762.0,-6.20618556701031
1973,394.0,762.0,-6.20618556701031
1974,394.0,762.0,-6.206185567010305
1975,395.0,762.0,-6.206185567010305
1976,395.0,762.0,-6.206185567010305
1977,395.0,798.0,-11.773195876288657
1978,395.0,762.0,-6.2061855670103085
1979,395.0,762.0,-6.20618556701031
1980,396.0,762.0,-6.206185567010305
1981,396.0,762.0,-6.2061855670103085
1982,396.0,762.0,-6.2061855670103085
1983,396.0,762.0,-6.206185567010305
1984,396.0,762.0,-6.2061855670103085
1985,397.0,747.0,-3.8865979381443307
1986,397.0,762.0,-6.2061855670103085
1987,397.0,762.0,-6.2061855670103085
1988,397.0,762.0,-6.206185567010311
1989,397.0,762.0,-6.20618556701031
1990,398.0,762.0,-6.2061855670103085
1991,398.0,762.0,-6.2061855670103085
1992,398.0,762.0,-6.2061855670103085
1993,398.0,762.0,-6.2061855670103085
1994,398.0,762.0,-6.206185567010309
1995,399.0,762.0,-6.2061855670103085
1996,399.0,762.0,-6.206185567010305
1997,399.0,762.0,-6.20618556701031
1998,399.0,778.0,-8.680412371134022
1999,399.0,762.0,-6.206185567010305
2000,400.0,762.0,-6.206185567010305
2001,400.0,762.0,-6.2061855670103085
2002,400.0,762.0,-6.206185567010305
2003,400.0,762.0,-6.206185567010305
2004,400.0,762.0,-6.206185567010305
2005,401.0,762.0,-6.2061855670103085
2006,401.0,762.0,-6.206185567010311
2007,401.0,762.0,-6.206185567010305
2008,401.0,762.0,-6.206185567010305
2009,401.0,762.0,-6.2061855670103085
2010,402.0,762.0,-6.2061855670103085
2011,402.0,762.0,-6.2061855670103085
2012,402.0,762.0,-6.206185567010305
2013,402.0,762.0,-6.20618556701031
2014,402.0,762.0,-6.2061855670103085
2015,403.0,762.0,-6.206185567010305
2016,403.0,762.0,-6.206185567010305
2017,403.0,762.0,-6.206185567010309
2018,403.0,762.0,-6.2061855670103085
2019,403.0,774.0,-8.061855670103093
2020,404.0,762.0,-6.206185567010305
2021,404.0,762.0,-6.2061855670103085
2022,404.0,762.0,-6.206185567010305
2023,404.0,762.0,-6.2061855670103085
2024,404.0,762.0,-6.206185567010305
2025,405.0,762.0,-6.206185567010305
2026,405.0,762.0,-6.2061855670103085
2027,405.0,762.0,-6.2061855670103085
2028,405.0,762.0,-6.2061855670103085
2029,405.0,762.0,-6.206185567010305
2030,406.0,762.0,-6.206185567010307
2031,406.0,762.0,-6.206185567010311
2032,406.0,762.0,-6.206185567010307
2033,406.0,762.0,-6.20618556701031
2034,406.0,762.0,-6.206185567010309
2035,407.0,798.0,-11.77319587628866
2036,407.0,762.0,-6.206185567010305
2037,407.0,762.0,-6.206185567010307
2038,407.0,762.0,-6.206185567010307
2039,407.0,762.0,-6.206185567010305
2040,408.0,762.0,-6.2061855670103085
2041,408.0,762.0,-6.2061855670103085
2042,408.0,762.0,-6.2061855670103085
2043,408.0,747.0,-3.8865979381443307
2044,408.0,762.0,-6.206185567010305
2045,409.0,762.0,-6.206185567010305
2046,409.0,762.0,-6.2061855670103085
2047,409.0,762.0,-6.206185567010307
2048,409.0,762.0,-6.2061855670103085
2049,409.0,873.0,-23.371134020618555
2050,410.0,762.0,-6.2061855670103085
2051,410.0,762.0,-6.206185567010307
2052,410.0,762.0,-6.206185567010307
2053,410.0,762.0,-6.206185567010307
2054,410.0,747.0,-3.8865979381443307
2055,411.0,762.0,-6.2061855670103085
2056,411.0,762.0,-6.2061855670103085
2057,411.0,762.0,-6.2061855670103085
2058,411.0,762.0,-6.20618556701031
2059,411.0,762.0,-6.2061855670103085
2060,412.0,762.0,-6.2061855670103085
2061,412.0,762.0,-6.206185567010307
2062,412.0,762.0,-6.2061855670103085
2063,412.0,762.0,-6.2061855670103085
2064,412.0,762.0,-6.2061855670103085
2065,413.0,762.0,-6.206185567010309
2066,413.0,762.0,-6.2061855670103085
2067,413.0,762.0,-6.2061855670103085
2068,413.0,762.0,-6.2061855670103085
2069,413.0,762.0,-6.2061855670103085
2070,414.0,770.0,-7.443298969072164
2071,414.0,762.0,-6.2061855670103085
2072,414.0,762.0,-6.2061855670103085
2073,414.0,762.0,-6.2061855670103085
2074,414.0,762.0,-6.206185567010305
2075,415.0,762.0,-6.2061855670103085
2076,415.0,762.0,-6.2061855670103085
2077,415.0,762.0,-6.2061855670103085
2078,415.0,762.0,-6.20618556701031
2079,415.0,770.0,-7.443298969072162
2080,416.0,762.0,-6.2061855670103085
2081,416.0,762.0,-6.2061855670103085
2082,416.0,762.0,-6.2061855670103085
2083,416.0,762.0,-6.2061855670103085
2084,416.0,828.0,-16.41237113402062
2085,417.0,762.0,-6.2061855670103085
2086,417.0,762.0,-6.2061855670103085
2087,417.0,762.0,-6.2061855670103085
2088,417.0,762.0,-6.2061855670103085
2089,417.0,762.0,-6.2061855670103085
2090,418.0,762.0,-6.2061855670103085
2091,418.0,762.0,-6.2061855670103085
2092,418.0,762.0,-6.20618556701031
2093,418.0,762.0,-6.2061855670103085
2094,418.0,762.0,-6.2061855670103085
2095,419.0,762.0,-6.2061855670103085
2096,419.0,762.0,-6.2061855670103085
2097,419.0,762.0,-6.2061855670103085
2098,419.0,762.0,-6.2061855670103085
2099,419.0,762.0,-6.2061855670103085
2100,420.0,762.0,-6.2061855670103085
2101,420.0,762.0,-6.2061855670103085
2102,420.0,762.0,-6.2061855670103085
2103,420.0,762.0,-6.2061855670103085
2104,420.0,762.0,-6.206185567010305
2105,421.0,762.0,-6.2061855670103085
2106,421.0,762.0,-6.2061855670103085
2107,421.0,762.0,-6.2061855670103085
2108,421.0,762.0,-6.206185567010307
2109,421.0,762.0,-6.206185567010305
2110,422.0,762.0,-6.2061855670103085
2111,422.0,762.0,-6.206185567010309
2112,422.0,762.0,-6.206185567010307
2113,422.0,762.0,-6.206185567010305
2114,422.0,762.0,-6.2061855670103085
